Position	Substitutions	Panel
1	0.0	lower
2	0.0	lower
3	0.0	lower
4	0.0	lower
5	0.0	lower
6	0.0	lower
7	0.0	lower
8	0.0	lower
9	0.0	lower
10	0.0	lower
11	0.0	lower
12	0.0	lower
13	0.0	lower
14	0.0	lower
15	0.0	lower
16	0.0	lower
17	0.0	lower
18	0.0	lower
19	0.0	lower
20	0.0135135135135	lower
21	0.0	lower
22	0.0	lower
23	0.0	lower
24	0.0	lower
25	0.0	lower
26	0.0	lower
27	0.0	lower
28	0.0	lower
29	0.0	lower
30	0.0	lower
31	0.0	lower
32	0.0	lower
33	0.0	lower
34	0.0	lower
35	0.0	lower
36	0.0	lower
37	0.0	lower
38	0.0	lower
39	0.0	lower
40	0.0	lower
41	0.0	lower
42	0.0	lower
43	0.0	lower
44	0.0147058823529	lower
45	0.0	lower
46	0.0	lower
47	0.0	lower
48	0.0	lower
49	0.0	lower
50	0.0	lower
51	0.0	lower
52	0.0147058823529	lower
53	0.0149253731343	lower
54	0.0	lower
55	0.0	lower
56	0.0	lower
57	0.0	lower
58	0.0	lower
59	0.0	lower
60	0.0	lower
61	0.0	lower
62	0.0	lower
63	0.0	lower
64	0.0	lower
65	0.0	lower
66	0.0	lower
67	0.0	lower
68	0.0	lower
69	0.0	lower
70	0.0	lower
71	0.0	lower
72	0.0	lower
73	0.0	lower
74	0.0	lower
75	0.0	lower
76	0.0	lower
77	0.0	lower
78	0.0	lower
79	0.68115942029	lower
80	0.492753623188	lower
81	0.0	lower
82	0.0	lower
83	0.0	lower
84	0.0	lower
85	0.0	lower
86	0.0	lower
87	0.0	lower
88	0.0	lower
89	0.507246376812	lower
90	0.695652173913	lower
91	0.0	lower
92	0.0	lower
93	0.507246376812	lower
94	0.0	lower
95	0.0	lower
96	0.0	lower
97	0.0	lower
98	0.0	lower
99	0.0	lower
100	0.0	lower
101	0.0	lower
102	0.0	lower
103	0.0	lower
104	0.0	lower
105	0.0	lower
106	0.0	lower
107	0.0	lower
108	0.0	lower
109	0.0	lower
110	0.0169491525424	lower
111	0.015873015873	lower
112	0.0	lower
113	0.0	lower
114	0.166666666667	lower
115	0.0	lower
116	0.0	lower
117	0.0	lower
118	0.025	lower
119	0.0	lower
120	0.0	lower
121	0.0	lower
122	0.0	lower
123	0.0	lower
124	0.0	lower
125	0.0	lower
126	0.0	lower
127	0.0	lower
128	0.0	lower
129	0.0377358490566	lower
130	0.0	lower
131	0.224137931034	lower
132	0.0	lower
133	0.0	lower
134	0.0	lower
135	0.0185185185185	lower
136	0.0	lower
137	0.0	lower
138	0.0	lower
139	0.0	lower
140	0.0	lower
141	0.0	lower
142	0.0	lower
143	0.0	lower
144	0.0	lower
145	0.0	lower
146	0.0	lower
147	0.0	lower
148	0.0	lower
149	0.0454545454545	lower
150	0.0	lower
151	0.0	lower
152	0.0	lower
153	0.0	lower
154	0.0	lower
155	0.0	lower
156	0.0	lower
157	0.0	lower
158	0.0	lower
159	0.0	lower
160	0.0	lower
161	0.0	lower
162	0.0	lower
163	0.0	lower
164	0.0	lower
165	0.0	lower
166	0.0	lower
167	0.0	lower
168	0.0	lower
169	0.0	lower
170	0.0	lower
171	0.0	lower
172	0.0	lower
173	0.0	lower
174	0.0	lower
175	0.0	lower
176	0.0178571428571	lower
177	0.0	lower
178	0.0	lower
179	0.0	lower
180	0.0	lower
181	0.0	lower
182	0.0	lower
183	0.172413793103	lower
184	0.0	lower
185	0.0	lower
186	0.0	lower
187	0.0	lower
188	0.0	lower
189	0.0	lower
190	0.0	lower
191	0.0	lower
192	0.0	lower
193	0.0	lower
194	0.0	lower
195	0.0	lower
196	0.0	lower
197	0.0	lower
198	0.0	lower
199	0.0	lower
200	0.0	lower
201	0.0	lower
202	0.0	lower
203	0.0	lower
204	0.114754098361	lower
205	0.0	lower
206	0.0	lower
207	0.0	lower
208	0.80701754386	lower
209	0.0	lower
210	0.0	lower
211	0.0	lower
212	0.0	lower
213	0.0	lower
214	0.0	lower
215	0.0	lower
216	0.0	lower
217	0.0169491525424	lower
218	0.0	lower
219	0.0	lower
220	0.0	lower
221	0.0	lower
222	0.0	lower
223	0.0	lower
224	0.0	lower
225	0.0	lower
226	0.133333333333	lower
227	0.0	lower
228	0.0	lower
229	0.0	lower
230	0.0	lower
231	0.0	lower
232	0.0	lower
233	0.0	lower
234	0.0	lower
235	0.016393442623	lower
236	0.0	lower
237	0.0	lower
238	0.0	lower
239	0.0	lower
240	0.0	lower
241	0.0	lower
242	0.0	lower
243	0.0	lower
244	0.0	lower
245	0.0	lower
246	0.0	lower
247	0.0	lower
248	0.0153846153846	lower
249	0.0	lower
250	0.714285714286	lower
251	0.0	lower
252	0.0	lower
253	0.725806451613	lower
254	0.0	lower
255	0.0	lower
256	0.0	lower
257	0.0	lower
258	0.0149253731343	lower
259	0.0	lower
260	0.0	lower
261	0.0	lower
262	0.0	lower
263	0.0	lower
264	0.0	lower
265	0.0	lower
266	0.0	lower
267	0.0	lower
268	0.0	lower
269	0.0	lower
270	0.0	lower
271	0.0	lower
272	0.0	lower
273	0.772727272727	lower
274	0.0	lower
275	0.0	lower
276	0.0	lower
277	0.0	lower
278	0.0	lower
279	0.0	lower
280	0.0	lower
281	0.0	lower
282	0.0	lower
283	0.0142857142857	lower
284	0.0	lower
285	0.0	lower
286	0.0	lower
287	0.0	lower
288	0.0	lower
289	0.0	lower
290	0.0	lower
291	0.0	lower
292	0.0	lower
293	0.0	lower
294	0.0	lower
295	0.0	lower
296	0.0	lower
297	0.0	lower
298	0.0	lower
299	0.0	lower
300	0.0	lower
301	0.0	lower
302	0.0	lower
303	0.0	lower
304	0.0	lower
305	0.0	lower
306	0.0	lower
307	0.0	lower
308	0.0	lower
309	0.0	lower
310	0.0	lower
311	0.0	lower
312	0.0	lower
313	0.0	lower
314	0.0	lower
315	0.0	lower
316	0.0	lower
317	0.0126582278481	lower
318	0.0	lower
319	0.0	lower
320	0.0	lower
321	0.0	lower
322	0.0	lower
323	0.0	lower
324	0.0	lower
325	0.0	lower
326	0.0	lower
327	0.0	lower
328	0.0	lower
329	0.0	lower
330	0.0	lower
331	0.0	lower
332	0.0	lower
333	0.0	lower
334	0.0	lower
335	0.0	lower
336	0.0	lower
337	0.0123456790123	lower
338	0.0	lower
339	0.0	lower
340	0.0	lower
341	0.0	lower
342	0.0	lower
343	0.0	lower
344	0.0	lower
345	0.0	lower
346	0.0	lower
347	0.0120481927711	lower
348	0.0	lower
349	0.0	lower
350	0.0	lower
351	0.0	lower
352	0.0	lower
353	0.0	lower
354	0.0	lower
355	0.0	lower
356	0.0	lower
357	0.0	lower
358	0.0	lower
359	0.0	lower
360	0.0106382978723	lower
361	0.0	lower
362	0.0	lower
363	0.0	lower
364	0.0	lower
365	0.0	lower
366	0.0	lower
367	0.0	lower
368	0.0	lower
369	0.0	lower
370	0.0	lower
371	0.0	lower
372	0.0	lower
373	0.0	lower
374	0.0	lower
375	0.0	lower
376	0.0	lower
377	0.0	lower
378	0.0	lower
379	0.0	lower
380	0.0	lower
381	0.0	lower
382	0.0	lower
383	0.0	lower
384	0.0	lower
385	0.0	lower
386	0.0	lower
387	0.00943396226415	lower
388	0.0	lower
389	0.0	lower
390	0.0	lower
391	0.0	lower
392	0.0	lower
393	0.0	lower
394	0.0	lower
395	0.0	lower
396	0.0	lower
397	0.0	lower
398	0.0	lower
399	0.0	lower
400	0.0	lower
401	0.0	lower
402	0.0	lower
403	0.0	lower
404	0.0	lower
405	0.0	lower
406	0.0	lower
407	0.0	lower
408	0.0	lower
409	0.0	lower
410	0.0	lower
411	0.0	lower
412	0.0	lower
413	0.0	lower
414	0.0	lower
415	0.0	lower
416	0.0	lower
417	0.0	lower
418	0.0	lower
419	0.0	lower
420	0.0	lower
421	0.0	lower
422	0.00854700854701	lower
423	0.0	lower
424	0.0	lower
425	0.0	lower
426	0.0	lower
427	0.0	lower
428	0.0	lower
429	0.0	lower
430	0.0	lower
431	0.0	lower
432	0.0	lower
433	0.0	lower
434	0.00862068965517	lower
435	0.0	lower
436	0.0	lower
437	0.0	lower
438	0.0	lower
439	0.00877192982456	lower
440	0.0	lower
441	0.0	lower
442	0.0	lower
443	0.0	lower
444	0.0	lower
445	0.0	lower
446	0.0	lower
447	0.0	lower
448	0.0	lower
449	0.0	lower
450	0.0	lower
451	0.0	lower
452	0.0	lower
453	0.0	lower
454	0.0	lower
455	0.0	lower
456	0.0	lower
457	0.00833333333333	lower
458	0.0	lower
459	0.0	lower
460	0.0	lower
461	0.0	lower
462	0.0	lower
463	0.0	lower
464	0.0	lower
465	0.0	lower
466	0.0	lower
467	0.0	lower
468	0.0	lower
469	0.0	lower
470	0.0	lower
471	0.0	lower
472	0.0	lower
473	0.0	lower
474	0.0	lower
475	0.0	lower
476	0.0	lower
477	0.0	lower
478	0.0	lower
479	0.0	lower
480	0.0	lower
481	0.0	lower
482	0.0	lower
483	0.0	lower
484	0.0	lower
485	0.0	lower
486	0.0	lower
487	0.0	lower
488	0.0	lower
489	0.0	lower
490	0.0	lower
491	0.0	lower
492	0.0	lower
493	0.0	lower
494	0.0	lower
495	0.0	lower
496	0.0	lower
497	0.0	lower
498	0.0	lower
499	0.0078125	lower
500	0.00787401574803	lower
501	0.0	lower
502	0.0	lower
503	0.0	lower
504	0.0	lower
505	0.0	lower
506	0.0	lower
507	0.0	lower
508	0.0	lower
509	0.0	lower
510	0.00819672131148	lower
511	0.0	lower
512	0.0	lower
513	0.0	lower
514	0.00806451612903	lower
515	0.0	lower
516	0.0	lower
517	0.0	lower
518	0.0	lower
519	0.0	lower
520	0.0	lower
521	0.0	lower
522	0.0	lower
523	0.0	lower
524	0.0	lower
525	0.0	lower
526	0.0	lower
527	0.00819672131148	lower
528	0.0	lower
529	0.0	lower
530	0.0	lower
531	0.0	lower
532	0.0	lower
533	0.0	lower
534	0.0	lower
535	0.0	lower
536	0.0	lower
537	0.0	lower
538	0.0	lower
539	0.0	lower
540	0.0	lower
541	0.0	lower
542	0.0	lower
543	0.0	lower
544	0.0	lower
545	0.0	lower
546	0.0	lower
547	0.0	lower
548	0.0	lower
549	0.0	lower
550	0.0	lower
551	0.0	lower
552	0.0	lower
553	0.0	lower
554	0.0	lower
555	0.0	lower
556	0.0	lower
557	0.0	lower
558	0.0	lower
559	0.0	lower
560	0.0	lower
561	0.0	lower
562	0.0	lower
563	0.0	lower
564	0.0	lower
565	0.0	lower
566	0.0	lower
567	0.0	lower
568	0.0	lower
569	0.0	lower
570	0.0	lower
571	0.0	lower
572	0.0	lower
573	0.0	lower
574	0.0	lower
575	0.0	lower
576	0.0	lower
577	0.0	lower
578	0.0	lower
579	0.0	lower
580	0.0	lower
581	0.0	lower
582	0.0	lower
583	0.0	lower
584	0.0	lower
585	0.0	lower
586	0.0	lower
587	0.0	lower
588	0.0	lower
589	0.0	lower
590	0.0	lower
591	0.0	lower
592	0.0	lower
593	0.0	lower
594	0.0	lower
595	0.0	lower
596	0.0	lower
597	0.0	lower
598	0.0	lower
599	0.0	lower
600	0.0	lower
601	0.0	lower
602	0.0	lower
603	0.0	lower
604	0.0	lower
605	0.0	lower
606	0.0	lower
607	0.0	lower
608	0.0	lower
609	0.0	lower
610	0.0	lower
611	0.0	lower
612	0.0	lower
613	0.0	lower
614	0.0	lower
615	0.0	lower
616	0.0	lower
617	0.0	lower
618	0.0	lower
619	0.0	lower
620	0.0	lower
621	0.0	lower
622	0.0	lower
623	0.0	lower
624	0.0	lower
625	0.0	lower
626	0.0	lower
627	0.0	lower
628	0.0	lower
629	0.0	lower
630	0.0	lower
631	0.0	lower
632	0.0	lower
633	0.010101010101	lower
634	0.0	lower
635	0.0	lower
636	0.0	lower
637	0.0	lower
638	0.0	lower
639	0.0	lower
640	0.0	lower
641	0.0	lower
642	0.0	lower
643	0.0	lower
644	0.0	lower
645	0.0	lower
646	0.0	lower
647	0.0	lower
648	0.0	lower
649	0.0	lower
650	0.0	lower
651	0.0	lower
652	0.0	lower
653	0.0	lower
654	0.00917431192661	lower
655	0.0	lower
656	0.0	lower
657	0.0	lower
658	0.0	lower
659	0.0	lower
660	0.0	lower
661	0.0	lower
662	0.0	lower
663	0.0	lower
664	0.0	lower
665	0.0	lower
666	0.0	lower
667	0.0	lower
668	0.0	lower
669	0.0	lower
670	0.0	lower
671	0.0	lower
672	0.0	lower
673	0.0	lower
674	0.00952380952381	lower
675	0.0	lower
676	0.0	lower
677	0.0	lower
678	0.0	lower
679	0.0	lower
680	0.0	lower
681	0.0	lower
682	0.0	lower
683	0.0	lower
684	0.0	lower
685	0.0	lower
686	0.0	lower
687	0.0	lower
688	0.0	lower
689	0.0	lower
690	0.0	lower
691	0.0	lower
692	0.0	lower
693	0.0	lower
694	0.0	lower
695	0.0	lower
696	0.0	lower
697	0.0	lower
698	0.0	lower
699	0.0	lower
700	0.0	lower
701	0.0	lower
702	0.0	lower
703	0.0	lower
704	0.0	lower
705	0.0	lower
706	0.0	lower
707	0.0	lower
708	0.0	lower
709	0.0	lower
710	0.0	lower
711	0.0	lower
712	0.0	lower
713	0.0	lower
714	0.0	lower
715	0.0	lower
716	0.0	lower
717	0.0	lower
718	0.0	lower
719	0.0	lower
720	0.0	lower
721	0.0	lower
722	0.0	lower
723	0.0	lower
724	0.0	lower
725	0.0	lower
726	0.0	lower
727	0.0	lower
728	0.0	lower
729	0.0	lower
730	0.0	lower
731	0.00900900900901	lower
732	0.0	lower
733	0.0	lower
734	0.0	lower
735	0.0	lower
736	0.0	lower
737	0.0	lower
738	0.0	lower
739	0.0	lower
740	0.00869565217391	lower
741	0.00847457627119	lower
742	0.0	lower
743	0.0	lower
744	0.0	lower
745	0.0	lower
746	0.0	lower
747	0.0	lower
748	0.0	lower
749	0.0	lower
750	0.0	lower
751	0.0	lower
752	0.0	lower
753	0.0	lower
754	0.0	lower
755	0.0	lower
756	0.0	lower
757	0.0	lower
758	0.0	lower
759	0.0	lower
760	0.0	lower
761	0.0	lower
762	0.0	lower
763	0.0	lower
764	0.0	lower
765	0.0	lower
766	0.0	lower
767	0.0	lower
768	0.0	lower
769	0.0	lower
770	0.0	lower
771	0.0	lower
772	0.0	lower
773	0.0	lower
774	0.0	lower
775	0.0	lower
776	0.0	lower
777	0.00869565217391	lower
778	0.0	lower
779	0.0	lower
780	0.0	lower
781	0.0	lower
782	0.0	lower
783	0.0	lower
784	0.0	lower
785	0.0	lower
786	0.0	lower
787	0.0	lower
788	0.0	lower
789	0.0	lower
790	0.0	lower
791	0.0	lower
792	0.0	lower
793	0.0	lower
794	0.0210526315789	lower
795	0.0	lower
796	0.0	lower
797	0.0	lower
798	0.0	lower
799	0.0	lower
800	0.0	lower
801	0.0	lower
802	0.0	lower
803	0.0	lower
804	0.0	lower
805	0.0	lower
806	0.0	lower
807	0.0	lower
808	0.0	lower
809	0.0	lower
810	0.0	lower
811	0.0	lower
812	0.0	lower
813	0.0	lower
814	0.0	lower
815	0.0	lower
816	0.0	lower
817	0.0	lower
818	0.0	lower
819	0.0	lower
820	0.00826446280992	lower
821	0.0	lower
822	0.0	lower
823	0.0	lower
824	0.0	lower
825	0.0	lower
826	0.0	lower
827	0.0	lower
828	0.0	lower
829	0.0	lower
830	0.0	lower
831	0.0	lower
832	0.0	lower
833	0.00833333333333	lower
834	0.0	lower
835	0.0	lower
836	0.0	lower
837	0.0	lower
838	0.0	lower
839	0.0	lower
840	0.0	lower
841	0.0	lower
842	0.0	lower
843	0.0	lower
844	0.0	lower
845	0.0	lower
846	0.0	lower
847	0.0	lower
848	0.0	lower
849	0.0	lower
850	0.0	lower
851	0.0	lower
852	0.00884955752212	lower
853	0.0	lower
854	0.0	lower
855	0.0	lower
856	0.0	lower
857	0.0	lower
858	0.0	lower
859	0.0	lower
860	0.0	lower
861	0.0	lower
862	0.0	lower
863	0.0	lower
864	0.0	lower
865	0.0	lower
866	0.0	lower
867	0.0	lower
868	0.0	lower
869	0.0	lower
870	0.0	lower
871	0.0	lower
872	0.0	lower
873	0.0	lower
874	0.0	lower
875	0.0	lower
876	0.0	lower
877	0.0	lower
878	0.0	lower
879	0.0	lower
880	0.0	lower
881	0.0	lower
882	0.0	lower
883	0.0	lower
884	0.0	lower
885	0.0	lower
886	0.0	lower
887	0.0	lower
888	0.0	lower
889	0.0	lower
890	0.0	lower
891	0.0	lower
892	0.0	lower
893	0.0	lower
894	0.0	lower
895	0.0	lower
896	0.0	lower
897	0.0	lower
898	0.0	lower
899	0.0	lower
900	0.0	lower
901	0.0	lower
902	0.0	lower
903	0.0	lower
904	0.0	lower
905	0.0	lower
906	0.00854700854701	lower
907	0.0	lower
908	0.0	lower
909	0.0	lower
910	0.0	lower
911	0.0	lower
912	0.00840336134454	lower
913	0.0	lower
914	0.0	lower
915	0.0	lower
916	0.0	lower
917	0.0	lower
918	0.0	lower
919	0.0	lower
920	0.0	lower
921	0.0	lower
922	0.0	lower
923	0.0	lower
924	0.0	lower
925	0.0	lower
926	0.0	lower
927	0.0	lower
928	0.0	lower
929	0.0	lower
930	0.0	lower
931	0.0	lower
932	0.0	lower
933	0.0	lower
934	0.0	lower
935	0.0	lower
936	0.0	lower
937	0.0	lower
938	0.0	lower
939	0.0	lower
940	0.00819672131148	lower
941	0.0	lower
942	0.0	lower
943	0.0	lower
944	0.0	lower
945	0.00840336134454	lower
946	0.0	lower
947	0.0	lower
948	0.0	lower
949	0.0	lower
950	0.0	lower
951	0.0	lower
952	0.0	lower
953	0.0	lower
954	0.00826446280992	lower
955	0.0	lower
956	0.0	lower
957	0.0	lower
958	0.0	lower
959	0.0	lower
960	0.0	lower
961	0.0	lower
962	0.0	lower
963	0.0	lower
964	0.0	lower
965	0.0	lower
966	0.0	lower
967	0.0	lower
968	0.0	lower
969	0.0	lower
970	0.0	lower
971	0.0	lower
972	0.0	lower
973	0.0	lower
974	0.0	lower
975	0.0	lower
976	0.0	lower
977	0.0	lower
978	0.0	lower
979	0.0	lower
980	0.0	lower
981	0.0	lower
982	0.0	lower
983	0.0	lower
984	0.0	lower
985	0.0	lower
986	0.0	lower
987	0.0	lower
988	0.0	lower
989	0.00806451612903	lower
990	0.0	lower
991	0.0	lower
992	0.0	lower
993	0.0	lower
994	0.0	lower
995	0.0	lower
996	0.0	lower
997	0.0	lower
998	0.0	lower
999	0.0	lower
1000	0.0	lower
1001	0.0	lower
1002	0.129310344828	lower
1003	0.0	lower
1004	0.0	lower
1005	0.0	lower
1006	0.128205128205	lower
1007	0.0	lower
1008	0.0	lower
1009	0.0	lower
1010	0.128205128205	lower
1011	0.0	lower
1012	0.0	lower
1013	0.0	lower
1014	0.0	lower
1015	0.0	lower
1016	0.00909090909091	lower
1017	0.0	lower
1018	0.0	lower
1019	0.0	lower
1020	0.0	lower
1021	0.0	lower
1022	0.0	lower
1023	0.0	lower
1024	0.0	lower
1025	0.0	lower
1026	0.0	lower
1027	0.0	lower
1028	0.0	lower
1029	0.0	lower
1030	0.0	lower
1031	0.0	lower
1032	0.0	lower
1033	0.0	lower
1034	0.0	lower
1035	0.0	lower
1036	0.0	lower
1037	0.0	lower
1038	0.144144144144	lower
1039	0.0	lower
1040	0.0	lower
1041	0.0	lower
1042	0.0	lower
1043	0.0	lower
1044	0.0	lower
1045	0.0	lower
1046	0.0	lower
1047	0.0	lower
1048	0.0	lower
1049	0.0	lower
1050	0.0	lower
1051	0.0	lower
1052	0.0	lower
1053	0.0	lower
1054	0.0	lower
1055	0.0	lower
1056	0.0	lower
1057	0.0	lower
1058	0.0	lower
1059	0.0	lower
1060	0.0	lower
1061	0.0	lower
1062	0.0	lower
1063	0.0	lower
1064	0.0	lower
1065	0.0	lower
1066	0.0	lower
1067	0.0	lower
1068	0.0	lower
1069	0.0	lower
1070	0.0	lower
1071	0.0	lower
1072	0.0	lower
1073	0.0	lower
1074	0.0	lower
1075	0.0	lower
1076	0.0	lower
1077	0.0	lower
1078	0.0	lower
1079	0.0	lower
1080	0.0	lower
1081	0.0	lower
1082	0.0	lower
1083	0.0	lower
1084	0.0	lower
1085	0.0	lower
1086	0.0	lower
1087	0.0	lower
1088	0.0	lower
1089	0.0	lower
1090	0.0111111111111	lower
1091	0.0	lower
1092	0.0	lower
1093	0.0	lower
1094	0.0	lower
1095	0.0114942528736	lower
1096	0.0	lower
1097	0.0112359550562	lower
1098	0.0	lower
1099	0.0	lower
1100	0.0	lower
1101	0.0	lower
1102	0.0	lower
1103	0.0	lower
1104	0.0108695652174	lower
1105	0.0	lower
1106	0.0	lower
1107	0.0	lower
1108	0.0	lower
1109	0.0	lower
1110	0.0	lower
1111	0.0	lower
1112	0.0	lower
1113	0.0	lower
1114	0.0	lower
1115	0.0	lower
1116	0.0	lower
1117	0.0	lower
1118	0.0	lower
1119	0.0	lower
1120	0.164705882353	lower
1121	0.0	lower
1122	0.0	lower
1123	0.0	lower
1124	0.0	lower
1125	0.0	lower
1126	0.0	lower
1127	0.0	lower
1128	0.0112359550562	lower
1129	0.0	lower
1130	0.0	lower
1131	0.0	lower
1132	0.0	lower
1133	0.0	lower
1134	0.0	lower
1135	0.0	lower
1136	0.0	lower
1137	0.0	lower
1138	0.0	lower
1139	0.0	lower
1140	0.0	lower
1141	0.0	lower
1142	0.0117647058824	lower
1143	0.0	lower
1144	0.0	lower
1145	0.0	lower
1146	0.0	lower
1147	0.0	lower
1148	0.0	lower
1149	0.0	lower
1150	0.0	lower
1151	0.0	lower
1152	0.0	lower
1153	0.0	lower
1154	0.0	lower
1155	0.0119047619048	lower
1156	0.0	lower
1157	0.0	lower
1158	0.0	lower
1159	0.0117647058824	lower
1160	0.0	lower
1161	0.0	lower
1162	0.0	lower
1163	0.0	lower
1164	0.0	lower
1165	0.0	lower
1166	0.0	lower
1167	0.0	lower
1168	0.0	lower
1169	0.0	lower
1170	0.0	lower
1171	0.0	lower
1172	0.0	lower
1173	0.0	lower
1174	0.0	lower
1175	0.0	lower
1176	0.0	lower
1177	0.0	lower
1178	0.0	lower
1179	0.0	lower
1180	0.0	lower
1181	0.0	lower
1182	0.0	lower
1183	0.0	lower
1184	0.0	lower
1185	0.0	lower
1186	0.0	lower
1187	0.0	lower
1188	0.0	lower
1189	0.0	lower
1190	0.0	lower
1191	0.0	lower
1192	0.0	lower
1193	0.0	lower
1194	0.0	lower
1195	0.0	lower
1196	0.0	lower
1197	0.0	lower
1198	0.0	lower
1199	0.0	lower
1200	0.0	lower
1201	0.0	lower
1202	0.0	lower
1203	0.0	lower
1204	0.0	lower
1205	0.0	lower
1206	0.0	lower
1207	0.0	lower
1208	0.0	lower
1209	0.0	lower
1210	0.0	lower
1211	0.0	lower
1212	0.0	lower
1213	0.0	lower
1214	0.0	lower
1215	0.0	lower
1216	0.0	lower
1217	0.0	lower
1218	0.0	lower
1219	0.0	lower
1220	0.0	lower
1221	0.0	lower
1222	0.0	lower
1223	0.0	lower
1224	0.0	lower
1225	0.0	lower
1226	0.0	lower
1227	0.0	lower
1228	0.0	lower
1229	0.0	lower
1230	0.0	lower
1231	0.0	lower
1232	0.0	lower
1233	0.0	lower
1234	0.0	lower
1235	0.0	lower
1236	0.0	lower
1237	0.0	lower
1238	0.0120481927711	lower
1239	0.0	lower
1240	0.0	lower
1241	0.0	lower
1242	0.0	lower
1243	0.0	lower
1244	0.0	lower
1245	0.0119047619048	lower
1246	0.0	lower
1247	0.0	lower
1248	0.0	lower
1249	0.0	lower
1250	0.0	lower
1251	0.0	lower
1252	0.0117647058824	lower
1253	0.0	lower
1254	0.0	lower
1255	0.0	lower
1256	0.0	lower
1257	0.0	lower
1258	0.0	lower
1259	0.0	lower
1260	0.0	lower
1261	0.0	lower
1262	0.0	lower
1263	0.0	lower
1264	0.0	lower
1265	0.0	lower
1266	0.0	lower
1267	0.0	lower
1268	0.0	lower
1269	0.0	lower
1270	0.012987012987	lower
1271	0.0	lower
1272	0.0	lower
1273	0.0	lower
1274	0.0	lower
1275	0.0	lower
1276	0.0	lower
1277	0.0	lower
1278	0.0	lower
1279	0.0	lower
1280	0.0	lower
1281	0.0	lower
1282	0.0	lower
1283	0.0	lower
1284	0.0	lower
1285	0.0	lower
1286	0.0	lower
1287	0.0	lower
1288	0.0	lower
1289	0.0	lower
1290	0.0	lower
1291	0.0	lower
1292	0.0	lower
1293	0.0	lower
1294	0.0	lower
1295	0.0	lower
1296	0.0	lower
1297	0.0	lower
1298	0.0	lower
1299	0.0	lower
1300	0.0	lower
1301	0.0	lower
1302	0.0	lower
1303	0.0	lower
1304	0.0	lower
1305	0.0	lower
1306	0.0289855072464	lower
1307	0.0	lower
1308	0.0	lower
1309	0.0	lower
1310	0.0	lower
1311	0.0	lower
1312	0.0	lower
1313	0.0	lower
1314	0.0	lower
1315	0.0	lower
1316	0.0	lower
1317	0.0	lower
1318	0.0	lower
1319	0.0	lower
1320	0.0	lower
1321	0.0	lower
1322	0.0	lower
1323	0.0	lower
1324	0.0	lower
1325	0.0	lower
1326	0.0	lower
1327	0.0	lower
1328	0.0	lower
1329	0.0	lower
1330	0.0	lower
1331	0.0	lower
1332	0.0	lower
1333	0.0	lower
1334	0.0	lower
1335	0.0	lower
1336	0.0	lower
1337	0.0	lower
1338	0.0	lower
1339	0.0	lower
1340	0.0	lower
1341	0.0	lower
1342	0.0	lower
1343	0.0	lower
1344	0.0	lower
1345	0.0	lower
1346	0.0	lower
1347	0.0	lower
1348	0.0	lower
1349	0.0	lower
1350	0.0	lower
1351	0.0	lower
1352	0.0	lower
1353	0.0	lower
1354	0.0	lower
1355	0.0	lower
1356	0.0	lower
1357	0.0	lower
1358	0.0	lower
1359	0.0	lower
1360	0.0	lower
1361	0.0	lower
1362	0.0	lower
1363	0.0	lower
1364	0.0	lower
1365	0.0	lower
1366	0.0	lower
1367	0.0	lower
1368	0.0	lower
1369	0.0	lower
1370	0.0	lower
1371	0.0	lower
1372	0.0	lower
1373	0.0	lower
1374	0.0	lower
1375	0.0	lower
1376	0.0	lower
1377	0.0	lower
1378	0.0	lower
1379	0.0	lower
1380	0.0	lower
1381	0.0	lower
1382	0.0	lower
1383	0.0	lower
1384	0.0	lower
1385	0.0	lower
1386	0.0	lower
1387	0.0	lower
1388	0.0	lower
1389	0.0	lower
1390	0.0	lower
1391	0.0	lower
1392	0.0	lower
1393	0.0	lower
1394	0.0	lower
1395	0.0	lower
1396	0.0	lower
1397	0.0	lower
1398	0.0	lower
1399	0.0	lower
1400	0.0	lower
1401	0.0	lower
1402	0.0	lower
1403	0.0	lower
1404	0.0	lower
1405	0.0	lower
1406	0.0	lower
1407	0.0	lower
1408	0.0	lower
1409	0.0	lower
1410	0.0	lower
1411	0.0	lower
1412	0.0	lower
1413	0.0	lower
1414	0.0	lower
1415	0.0	lower
1416	0.0	lower
1417	0.0	lower
1418	0.0	lower
1419	0.0	lower
1420	0.0	lower
1421	0.0	lower
1422	0.0	lower
1423	0.0	lower
1424	0.0	lower
1425	0.0	lower
1426	0.0	lower
1427	0.0	lower
1428	0.0	lower
1429	0.0	lower
1430	0.0	lower
1431	0.0	lower
1432	0.0	lower
1433	0.0	lower
1434	0.0	lower
1435	0.0	lower
1436	0.0	lower
1437	0.0	lower
1438	0.0	lower
1439	0.0	lower
1440	0.0	lower
1441	0.0	lower
1442	0.0	lower
1443	0.0	lower
1444	0.0	lower
1445	0.0	lower
1446	0.0	lower
1447	0.0	lower
1448	0.0	lower
1449	0.0	lower
1450	0.0	lower
1451	0.0	lower
1452	0.0	lower
1453	0.0	lower
1454	0.0	lower
1455	0.0	lower
1456	0.0	lower
1457	0.0	lower
1458	0.0	lower
1459	0.0	lower
1460	0.0	lower
1461	0.0175438596491	lower
1462	0.0	lower
1463	0.0	lower
1464	0.0	lower
1465	0.0	lower
1466	0.0	lower
1467	0.0	lower
1468	0.0	lower
1469	0.0	lower
1470	0.0	lower
1471	0.0	lower
1472	0.0	lower
1473	0.0	lower
1474	0.0	lower
1475	0.0	lower
1476	0.0	lower
1477	0.0	lower
1478	0.0	lower
1479	0.0	lower
1480	0.0	lower
1481	0.0	lower
1482	0.0	lower
1483	0.0	lower
1484	0.0	lower
1485	0.0	lower
1486	0.0	lower
1487	0.0	lower
1488	0.0	lower
1489	0.0	lower
1490	0.0	lower
1491	0.0	lower
1492	0.0	lower
1493	0.0	lower
1494	0.0	lower
1495	0.0	lower
1496	0.0	lower
1497	0.0	lower
1498	0.0	lower
1499	0.0	lower
1500	0.0	lower
1501	0.0	lower
1502	0.0	lower
1503	0.0	lower
1504	0.0	lower
1505	0.0	lower
1506	0.0	lower
1507	0.0	lower
1508	0.0	lower
1509	0.0	lower
1510	0.0	lower
1511	0.0	lower
1512	0.0	lower
1513	0.0	lower
1514	0.0	lower
1515	0.0	lower
1516	0.0	lower
1517	0.0	lower
1518	0.0	lower
1519	0.0	lower
1520	0.0	lower
1521	0.0	lower
1522	0.0	lower
1523	0.0	lower
1524	0.0	lower
1525	0.0	lower
1526	0.0	lower
1527	0.0	lower
1528	0.0	lower
1529	0.0	lower
1530	0.0	lower
1531	0.0	lower
1532	0.0	lower
1533	0.0	lower
1534	0.0	lower
1535	0.0	lower
1536	0.0	lower
1537	0.0	lower
1538	0.0	lower
1539	0.0	lower
1540	0.0	lower
1541	0.0	lower
1542	0.0	lower
